{
  "results": [
    {
      "command": "dbt ls --no-version-check --profiles-dir ../../project_config/",
      "mean": 20.788713774999998,
      "stddev": 0.5577431131946015,
      "median": 20.788713774999998,
      "user": 19.76097776,
      "system": 1.77814666,
      "min": 20.3943298375,
      "max": 21.183097712499997,
      "times": [
        20.3943298375,
        21.183097712499997
      ],
      "exit_codes": [
        0,
        0
      ]
    }
  ]
}
