{
  "results": [
    {
      "command": "dbt ls --no-version-check --profiles-dir ../../project_config/",
      "mean": 4.28260147874,
      "stddev": 0.005951982942289844,
      "median": 4.28260147874,
      "user": 3.57459546,
      "system": 0.22584785999999998,
      "min": 4.27839279124,
      "max": 4.2868101662399996,
      "times": [
        4.27839279124,
        4.2868101662399996
      ],
      "exit_codes": [
        0,
        0
      ]
    }
  ]
}
