{
  "results": [
    {
      "command": "dbt ls --no-version-check --profiles-dir ../../project_config/",
      "mean": 10.253420071619999,
      "stddev": 0.033613735057265025,
      "median": 10.253420071619999,
      "user": 9.34531576,
      "system": 0.38969825999999996,
      "min": 10.22965157162,
      "max": 10.27718857162,
      "times": [
        10.22965157162,
        10.27718857162
      ],
      "exit_codes": [
        0,
        0
      ]
    }
  ]
}
