{
  "results": [
    {
      "command": "dbt parse --no-version-check --profiles-dir ../../project_config/",
      "mean": 18.18442486088,
      "stddev": 0.04774647111055315,
      "median": 18.18442486088,
      "user": 17.267448260000002,
      "system": 1.6948960999999998,
      "min": 18.15066300738,
      "max": 18.21818671438,
      "times": [
        18.21818671438,
        18.15066300738
      ],
      "exit_codes": [
        0,
        0
      ]
    }
  ]
}
