{
  "results": [
    {
      "command": "dbt parse --no-version-check --profiles-dir ../../project_config/",
      "mean": 8.967308129960001,
      "stddev": 0.007342243262450273,
      "median": 8.967308129960001,
      "user": 8.12088684,
      "system": 0.36067335999999994,
      "min": 8.962116379960001,
      "max": 8.97249987996,
      "times": [
        8.962116379960001,
        8.97249987996
      ],
      "exit_codes": [
        0,
        0
      ]
    }
  ]
}
