{
  "results": [
    {
      "command": "dbt ls --no-version-check --profiles-dir ../../project_config/",
      "mean": 4.426133678579999,
      "stddev": 0.03213806260189793,
      "median": 4.426133678579999,
      "user": 3.6786229599999998,
      "system": 0.24747483999999997,
      "min": 4.40340863658,
      "max": 4.44885872058,
      "times": [
        4.44885872058,
        4.40340863658
      ],
      "exit_codes": [
        0,
        0
      ]
    }
  ]
}
