{
  "results": [
    {
      "command": "dbt ls --no-version-check --profiles-dir ../../project_config/",
      "mean": 21.3622338981,
      "stddev": 0.48352344737279634,
      "median": 21.3622338981,
      "user": 20.296590599999995,
      "system": 1.86593878,
      "min": 21.0203311896,
      "max": 21.704136606600002,
      "times": [
        21.704136606600002,
        21.0203311896
      ],
      "exit_codes": [
        0,
        0
      ]
    }
  ]
}
