{
  "results": [
    {
      "command": "dbt parse --no-version-check --profiles-dir ../../project_config/",
      "mean": 4.089010249799999,
      "stddev": 0.007718158197891601,
      "median": 4.089010249799999,
      "user": 3.3503032999999998,
      "system": 0.25535315999999997,
      "min": 4.0835526878,
      "max": 4.0944678117999995,
      "times": [
        4.0944678117999995,
        4.0835526878
      ],
      "exit_codes": [
        0,
        0
      ]
    }
  ]
}
