{
  "results": [
    {
      "command": "dbt parse --no-version-check --profiles-dir ../../project_config/",
      "mean": 18.802216686079998,
      "stddev": 0.07911679252477864,
      "median": 18.802216686079998,
      "user": 17.843034279999998,
      "system": 1.7982081399999998,
      "min": 18.746272665579998,
      "max": 18.858160706579998,
      "times": [
        18.858160706579998,
        18.746272665579998
      ],
      "exit_codes": [
        0,
        0
      ]
    }
  ]
}
