{
  "results": [
    {
      "command": "dbt parse --no-version-check --profiles-dir ../../project_config/",
      "mean": 20.1126912201,
      "stddev": 0.422682359230762,
      "median": 20.1126912201,
      "user": 18.99784416,
      "system": 1.83953552,
      "min": 19.8138096576,
      "max": 20.4115727826,
      "times": [
        19.8138096576,
        20.4115727826
      ],
      "exit_codes": [
        0,
        0
      ]
    }
  ]
}
