{
  "results": [
    {
      "command": "dbt parse --no-version-check --profiles-dir ../../project_config/",
      "mean": 18.809766492679998,
      "stddev": 0.2465698436768381,
      "median": 18.809766492679998,
      "user": 17.907487080000003,
      "system": 1.8893851,
      "min": 18.63541528418,
      "max": 18.984117701179997,
      "times": [
        18.984117701179997,
        18.63541528418
      ],
      "exit_codes": [
        0,
        0
      ]
    }
  ]
}
