{
  "results": [
    {
      "command": "dbt ls --no-version-check --profiles-dir ../../project_config/",
      "mean": 4.38530413848,
      "stddev": 0.01701911764982079,
      "median": 4.38530413848,
      "user": 3.69316698,
      "system": 0.19090356,
      "min": 4.37326980498,
      "max": 4.3973384719799995,
      "times": [
        4.37326980498,
        4.3973384719799995
      ],
      "exit_codes": [
        0,
        0
      ]
    }
  ]
}
