{
  "results": [
    {
      "command": "dbt ls --no-version-check --profiles-dir ../../project_config/",
      "mean": 21.47400253436,
      "stddev": 0.05182818702219601,
      "median": 21.47400253436,
      "user": 20.61393492,
      "system": 1.6131488799999998,
      "min": 21.43735447186,
      "max": 21.51065059686,
      "times": [
        21.51065059686,
        21.43735447186
      ],
      "exit_codes": [
        0,
        0
      ]
    }
  ]
}
