{
  "results": [
    {
      "command": "dbt ls --no-version-check --select +marts_0 --profiles-dir ../../project_config/",
      "mean": 10.18641611688,
      "stddev": 0.14680131949210412,
      "median": 10.18641611688,
      "user": 9.319781059999999,
      "system": 0.3430525,
      "min": 10.08261190838,
      "max": 10.29022032538,
      "times": [
        10.29022032538,
        10.08261190838
      ],
      "exit_codes": [
        0,
        0
      ]
    }
  ]
}
