{
  "results": [
    {
      "command": "dbt parse --no-version-check --profiles-dir ../../project_config/",
      "mean": 9.175289310459998,
      "stddev": 0.03538925048633854,
      "median": 9.175289310459998,
      "user": 8.3582778,
      "system": 0.32418457999999994,
      "min": 9.15026533146,
      "max": 9.200313289459999,
      "times": [
        9.200313289459999,
        9.15026533146
      ],
      "exit_codes": [
        0,
        0
      ]
    }
  ]
}
