{
  "results": [
    {
      "command": "dbt parse --no-version-check --profiles-dir ../../project_config/",
      "mean": 18.34667637986,
      "stddev": 0.07127129570930564,
      "median": 18.34667637986,
      "user": 17.60306672,
      "system": 1.52764152,
      "min": 18.29627996336,
      "max": 18.397072796360003,
      "times": [
        18.29627996336,
        18.397072796360003
      ],
      "exit_codes": [
        0,
        0
      ]
    }
  ]
}
