{
  "results": [
    {
      "command": "dbt ls --no-version-check --profiles-dir ../../project_config/",
      "mean": 10.143208506619999,
      "stddev": 0.21134856004240984,
      "median": 10.143208506619999,
      "user": 9.21874796,
      "system": 0.36761222000000005,
      "min": 9.99376250662,
      "max": 10.29265450662,
      "times": [
        10.29265450662,
        9.99376250662
      ],
      "exit_codes": [
        0,
        0
      ]
    }
  ]
}
