{
  "results": [
    {
      "command": "dbt ls --no-version-check --profiles-dir ../../project_config/",
      "mean": 4.164980164679999,
      "stddev": 0.02905872994955688,
      "median": 4.164980164679999,
      "user": 3.49608676,
      "system": 0.19267938,
      "min": 4.1444325396799995,
      "max": 4.18552778968,
      "times": [
        4.18552778968,
        4.1444325396799995
      ],
      "exit_codes": [
        0,
        0
      ]
    }
  ]
}
