{
  "results": [
    {
      "command": "dbt ls --no-version-check --profiles-dir ../../project_config/",
      "mean": 21.04164534002,
      "stddev": 0.20184654750517317,
      "median": 21.04164534002,
      "user": 20.029219679999997,
      "system": 1.7390927399999998,
      "min": 20.89891827752,
      "max": 21.18437240252,
      "times": [
        21.18437240252,
        20.89891827752
      ],
      "exit_codes": [
        0,
        0
      ]
    }
  ]
}
