{
  "results": [
    {
      "command": "dbt ls --no-version-check --profiles-dir ../../project_config/",
      "mean": 10.401804373040001,
      "stddev": 0.06272187409315629,
      "median": 10.401804373040001,
      "user": 9.533682639999999,
      "system": 0.36603213999999995,
      "min": 10.35745331054,
      "max": 10.44615543554,
      "times": [
        10.35745331054,
        10.44615543554
      ],
      "exit_codes": [
        0,
        0
      ]
    }
  ]
}
