{
  "results": [
    {
      "command": "dbt ls --no-version-check --profiles-dir ../../project_config/",
      "mean": 21.197983571239998,
      "stddev": 0.6144570248229231,
      "median": 21.197983571239998,
      "user": 20.134189719999995,
      "system": 1.8071782599999997,
      "min": 20.76349684224,
      "max": 21.632470300239998,
      "times": [
        21.632470300239998,
        20.76349684224
      ],
      "exit_codes": [
        0,
        0
      ]
    }
  ]
}
