{
  "results": [
    {
      "command": "dbt ls --no-version-check --select +marts_0 --profiles-dir ../../project_config/",
      "mean": 4.3955355663999995,
      "stddev": 0.21119771083145863,
      "median": 4.3955355663999995,
      "user": 3.61529314,
      "system": 0.20919033999999997,
      "min": 4.2461962329,
      "max": 4.5448748999,
      "times": [
        4.2461962329,
        4.5448748999
      ],
      "exit_codes": [
        0,
        0
      ]
    }
  ]
}
