{
  "results": [
    {
      "command": "dbt parse --no-version-check --profiles-dir ../../project_config/",
      "mean": 18.387604241,
      "stddev": 0.080748324749746,
      "median": 18.387604241,
      "user": 17.617182619999998,
      "system": 1.60283138,
      "min": 18.330506553,
      "max": 18.444701928999997,
      "times": [
        18.444701928999997,
        18.330506553
      ],
      "exit_codes": [
        0,
        0
      ]
    }
  ]
}
