{
  "results": [
    {
      "command": "dbt parse --no-version-check --profiles-dir ../../project_config/",
      "mean": 9.995198624939999,
      "stddev": 0.08643714588260382,
      "median": 9.995198624939999,
      "user": 8.68974978,
      "system": 0.40688157999999996,
      "min": 9.934078332939999,
      "max": 10.056318916939999,
      "times": [
        9.934078332939999,
        10.056318916939999
      ],
      "exit_codes": [
        0,
        0
      ]
    }
  ]
}
