{
  "results": [
    {
      "command": "uv run dbt compile --no-version-check --profiles-dir ../../project_config/",
      "mean": 43.717917157473345,
      "stddev": 1.1647915843889096,
      "median": 43.36455407414,
      "user": 41.10127412666667,
      "system": 3.7178089266666667,
      "min": 42.77072578214,
      "max": 45.018471616140005,
      "times": [
        42.77072578214,
        45.018471616140005,
        43.36455407414
      ],
      "exit_codes": [
        0,
        0,
        0
      ]
    }
  ]
}
