{
  "results": [
    {
      "command": "dbt compile --no-version-check --profiles-dir ../../project_config/",
      "mean": 42.25104027348001,
      "stddev": 0.2855009685380022,
      "median": 42.41214145448,
      "user": 40.0679833,
      "system": 2.9545435399999995,
      "min": 41.92140012048,
      "max": 42.41957924548,
      "times": [
        41.92140012048,
        42.41957924548,
        42.41214145448
      ],
      "exit_codes": [
        0,
        0,
        0
      ]
    }
  ]
}
