{
  "results": [
    {
      "command": "dbt ls --no-version-check --profiles-dir ../../project_config/",
      "mean": 4.28841941394,
      "stddev": 0.07347543593460937,
      "median": 4.28841941394,
      "user": 3.56542858,
      "system": 0.21710407999999998,
      "min": 4.236464434939999,
      "max": 4.340374392939999,
      "times": [
        4.236464434939999,
        4.340374392939999
      ],
      "exit_codes": [
        0,
        0
      ]
    }
  ]
}
