{
  "results": [
    {
      "command": "dbt ls --no-version-check --profiles-dir ../../project_config/",
      "mean": 19.86483212518,
      "stddev": 0.10894641665114739,
      "median": 19.86483212518,
      "user": 19.01373402,
      "system": 1.62265384,
      "min": 19.78779537518,
      "max": 19.941868875180003,
      "times": [
        19.78779537518,
        19.941868875180003
      ],
      "exit_codes": [
        0,
        0
      ]
    }
  ]
}
