{
  "results": [
    {
      "command": "dbt ls --no-version-check --select +marts_0 --profiles-dir ../../project_config/",
      "mean": 9.39452916598,
      "stddev": 0.03595039911417982,
      "median": 9.39452916598,
      "user": 8.54671642,
      "system": 0.32215437999999996,
      "min": 9.369108394980001,
      "max": 9.41994993698,
      "times": [
        9.369108394980001,
        9.41994993698
      ],
      "exit_codes": [
        0,
        0
      ]
    }
  ]
}
