{
  "results": [
    {
      "command": "dbt parse --no-version-check --profiles-dir ../../project_config/",
      "mean": 4.00560305634,
      "stddev": 0.08285049310613907,
      "median": 4.00560305634,
      "user": 3.2679659999999995,
      "system": 0.23519401999999998,
      "min": 3.94701891084,
      "max": 4.06418720184,
      "times": [
        3.94701891084,
        4.06418720184
      ],
      "exit_codes": [
        0,
        0
      ]
    }
  ]
}
