{
  "results": [
    {
      "command": "dbt parse --no-version-check --profiles-dir ../../project_config/",
      "mean": 18.03548563082,
      "stddev": 0.6534359332895463,
      "median": 18.03548563082,
      "user": 17.177340899999997,
      "system": 1.64285926,
      "min": 17.57343665132,
      "max": 18.49753461032,
      "times": [
        17.57343665132,
        18.49753461032
      ],
      "exit_codes": [
        0,
        0
      ]
    }
  ]
}
